judul,konten,tanggal,sumber,kategori
"Koalisi Partai Besar Semakin Solid Jelang Pemilu 2024","Menjelang Pemilu 2024, koalisi partai besar yang terdiri dari PDI-P, Golkar, dan Nasdem semakin memperkuat barisan mereka. Ketua Umum PDI-P menyatakan bahwa koalisi ini akan membawa perubahan positif bagi Indonesia. Sementara itu, Gerindra dan PKS membentuk koalisi oposisi yang juga tidak kalah solid. Dinamika politik menjelang pemilu semakin memanas dengan berbagai manuver politik yang dilakukan oleh masing-masing kubu.","2024-01-15","Kompas","Politik"
"DPR Sahkan RUU Pemilu Terbaru","Dewan Perwakilan Rakyat (DPR) akhirnya mengesahkan RUU Pemilu yang telah dibahas selama beberapa bulan. Undang-undang baru ini mengatur tentang ambang batas parlemen, sistem pemilu, dan berbagai aspek teknis lainnya. Partai Demokrat dan PAN menyatakan dukungan penuh, sementara PKS mengkritisi beberapa pasal yang dianggap merugikan partai kecil. Menteri Dalam Negeri menyambut baik pengesahan ini.","2024-01-16","Tempo","Legislatif"
"Presiden Resmikan Program Kartu Prakerja Tahap Baru","Presiden meresmikan program Kartu Prakerja tahap baru yang akan menyasar 5 juta peserta di seluruh Indonesia. Program ini merupakan bagian dari kebijakan pemerintah untuk meningkatkan kualitas SDM Indonesia. Kemenaker dan Kemenkeu bekerja sama dalam implementasi program ini. Berbagai kritik muncul dari kalangan oposisi yang menilai program ini tidak tepat sasaran.","2024-01-17","Detik","Kebijakan"
"KPU Tetapkan Daftar Pemilih Tetap Pemilu 2024","Komisi Pemilihan Umum (KPU) resmi menetapkan Daftar Pemilih Tetap (DPT) untuk Pemilu 2024. Sebanyak 204 juta pemilih terdaftar di seluruh Indonesia. Bawaslu akan mengawasi proses pemilu untuk memastikan tidak ada kecurangan. Partai politik diminta untuk menghormati hasil keputusan KPU. Berbagai elemen masyarakat sipil juga turut mengawal proses demokrasi ini.","2024-01-18","CNN Indonesia","Pemilu"
"Golkar dan Nasdem Sepakat Bentuk Koalisi Pemenangan","Partai Golkar dan Partai Nasional Demokrat (Nasdem) sepakat untuk membentuk koalisi pemenangan jelang Pilpres 2024. Ketua Umum Golkar menyatakan bahwa koalisi ini akan memperkuat posisi mereka dalam kontestasi politik nasional. Sementara PDI-P masih membuka peluang untuk berkoalisi dengan berbagai partai. Survei terbaru menunjukkan elektabilitas koalisi ini terus meningkat.","2024-01-19","Republika","Politik"
"MK Putuskan Sengketa Pemilu Legislatif","Mahkamah Konstitusi (MK) memutuskan sejumlah sengketa pemilu legislatif yang diajukan oleh berbagai partai politik. PKS dan PPP adalah dua partai yang mengajukan gugatan terbanyak. Keputusan MK ini bersifat final dan mengikat. KPU akan segera menindaklanjuti putusan tersebut dalam penetapan hasil akhir pemilu.","2024-01-20","Antara","Yudikatif"
"Menteri Koordinator Politik Bahas Stabilitas Nasional","Menteri Koordinator Bidang Politik, Hukum, dan Keamanan mengadakan rapat koordinasi untuk membahas stabilitas nasional menjelang pemilu. Peserta rapat termasuk perwakilan dari TNI, Polri, dan BIN. Pemerintah berkomitmen untuk menjaga kondisi kondusif selama proses pemilu berlangsung. Berbagai skenario antisipasi telah disiapkan untuk menghadapi potensi konflik.","2024-01-21","Media Indonesia","Keamanan"
"Capres Gelar Debat Perdana di Stasiun TV Nasional","Para calon presiden menggelar debat perdana yang disiarkan langsung oleh stasiun TV nasional. Isu ekonomi, pendidikan, dan kesehatan menjadi topik utama dalam debat kali ini. Masing-masing capres memaparkan visi misi mereka untuk Indonesia. Pemilih diharapkan dapat menilai kualitas kepemimpinan dari para kandidat melalui debat ini.","2024-01-22","TVRI","Pemilu"
"PDI-P Tegaskan Sikap Oposisi Terhadap Kebijakan Pemerintah","Partai Demokrasi Indonesia Perjuangan (PDI-P) menegaskan sikap oposisi terhadap beberapa kebijakan pemerintah yang dianggap tidak pro-rakyat. Fraksi PDI-P di DPR akan mengkritisi setiap kebijakan yang berpotensi merugikan masyarakat kecil. Ketua Fraksi menyatakan bahwa partai akan konsisten menjadi penyeimbang kekuasaan. Gerindra sebagai koalisi pemerintah membantah tuduhan tersebut.","2024-01-23","Suara","Politik"
"BPK Audit Penggunaan Anggaran Pemilu","Badan Pemeriksa Keuangan (BPK) melakukan audit terhadap penggunaan anggaran pemilu oleh KPU dan Bawaslu. Hasil audit menunjukkan beberapa temuan yang perlu ditindaklanjuti. Pemerintah melalui Kemenkeu berkomitmen untuk meningkatkan transparansi anggaran pemilu. Partai politik diminta untuk melaporkan dana kampanye secara transparan kepada publik.","2024-01-24","Bisnis Indonesia","Anggaran"
